year,district_name,age,immigrants_percentage
2017,"Ciutat Vella",>=100,0.0000
2017,"Ciutat Vella",0-4,2.5391
2017,"Ciutat Vella",10-14,1.5641
2017,"Ciutat Vella",15-19,3.9712
2017,"Ciutat Vella",20-24,17.2557
2017,"Ciutat Vella",25-29,26.7926
2017,"Ciutat Vella",30-34,17.5096
2017,"Ciutat Vella",35-39,10.6439
2017,"Ciutat Vella",40-44,6.1243
2017,"Ciutat Vella",45-49,4.0930
2017,"Ciutat Vella",5-9,2.0821
2017,"Ciutat Vella",50-54,2.7016
2017,"Ciutat Vella",55-59,1.9094
2017,"Ciutat Vella",60-64,1.2492
2017,"Ciutat Vella",65-69,0.6703
2017,"Ciutat Vella",70-74,0.3148
2017,"Ciutat Vella",75-79,0.2234
2017,"Ciutat Vella",80-84,0.1727
2017,"Ciutat Vella",85-89,0.0914
2017,"Ciutat Vella",90-94,0.0813
2017,"Ciutat Vella",95-99,0.0102
2017,Eixample,>=100,0.0064
2017,Eixample,0-4,3.1515
2017,Eixample,10-14,1.8485
2017,Eixample,15-19,3.7612
2017,Eixample,20-24,14.3132
2017,Eixample,25-29,25.6932
2017,Eixample,30-34,17.0668
2017,Eixample,35-39,9.9807
2017,Eixample,40-44,5.9178
2017,Eixample,45-49,4.0822
2017,Eixample,5-9,2.2401
2017,Eixample,50-54,3.2991
2017,Eixample,55-59,2.2657
2017,Eixample,60-64,1.9127
2017,Eixample,65-69,1.5661
2017,Eixample,70-74,1.0719
2017,Eixample,75-79,0.6804
2017,Eixample,80-84,0.5071
2017,Eixample,85-89,0.3723
2017,Eixample,90-94,0.2054
2017,Eixample,95-99,0.0578
2017,Gràcia,>=100,0.0000
2017,Gràcia,0-4,3.3681
2017,Gràcia,10-14,1.9952
2017,Gràcia,15-19,4.3017
2017,Gràcia,20-24,13.2345
2017,Gràcia,25-29,24.7849
2017,Gràcia,30-34,19.6412
2017,Gràcia,35-39,10.5986
2017,Gràcia,40-44,6.0772
2017,Gràcia,45-49,3.5695
2017,Gràcia,5-9,2.1783
2017,Gràcia,50-54,2.6176
2017,Gràcia,55-59,2.1417
2017,Gràcia,60-64,1.5559
2017,Gràcia,65-69,1.1166
2017,Gràcia,70-74,0.8420
2017,Gràcia,75-79,0.5125
2017,Gràcia,80-84,0.5308
2017,Gràcia,85-89,0.6590
2017,Gràcia,90-94,0.2380
2017,Gràcia,95-99,0.0366
2017,Horta-Guinardó,>=100,0.0000
2017,Horta-Guinardó,0-4,4.0903
2017,Horta-Guinardó,10-14,3.1799
2017,Horta-Guinardó,15-19,4.9365
2017,Horta-Guinardó,20-24,12.2580
2017,Horta-Guinardó,25-29,19.5923
2017,Horta-Guinardó,30-34,15.5020
2017,Horta-Guinardó,35-39,11.8733
2017,Horta-Guinardó,40-44,7.0522
2017,Horta-Guinardó,45-49,4.6032
2017,Horta-Guinardó,5-9,2.7696
2017,Horta-Guinardó,50-54,3.9620
2017,Horta-Guinardó,55-59,2.7696
2017,Horta-Guinardó,60-64,2.2054
2017,Horta-Guinardó,65-69,1.4874
2017,Horta-Guinardó,70-74,1.2437
2017,Horta-Guinardó,75-79,0.6924
2017,Horta-Guinardó,80-84,0.8206
2017,Horta-Guinardó,85-89,0.4872
2017,Horta-Guinardó,90-94,0.3462
2017,Horta-Guinardó,95-99,0.1282
2017,"Les Corts",>=100,0.0000
2017,"Les Corts",0-4,5.0286
2017,"Les Corts",10-14,3.7943
2017,"Les Corts",15-19,5.1657
2017,"Les Corts",20-24,11.7029
2017,"Les Corts",25-29,19.6571
2017,"Les Corts",30-34,13.9886
2017,"Les Corts",35-39,9.8057
2017,"Les Corts",40-44,8.2971
2017,"Les Corts",45-49,4.8914
2017,"Les Corts",5-9,3.5429
2017,"Les Corts",50-54,3.4514
2017,"Les Corts",55-59,2.3543
2017,"Les Corts",60-64,2.5600
2017,"Les Corts",65-69,1.9657
2017,"Les Corts",70-74,0.9829
2017,"Les Corts",75-79,0.8229
2017,"Les Corts",80-84,0.9143
2017,"Les Corts",85-89,0.5943
2017,"Les Corts",90-94,0.3429
2017,"Les Corts",95-99,0.1371
2017,"No consta",>=100,0.0000
2017,"No consta",0-4,0.0000
2017,"No consta",10-14,0.0000
2017,"No consta",15-19,0.0000
2017,"No consta",20-24,0.0000
2017,"No consta",25-29,50.0000
2017,"No consta",30-34,0.0000
2017,"No consta",35-39,0.0000
2017,"No consta",40-44,0.0000
2017,"No consta",45-49,0.0000
2017,"No consta",5-9,0.0000
2017,"No consta",50-54,0.0000
2017,"No consta",55-59,0.0000
2017,"No consta",60-64,0.0000
2017,"No consta",65-69,0.0000
2017,"No consta",70-74,50.0000
2017,"No consta",75-79,0.0000
2017,"No consta",80-84,0.0000
2017,"No consta",85-89,0.0000
2017,"No consta",90-94,0.0000
2017,"No consta",95-99,0.0000
2017,"Nou Barris",>=100,0.0000
2017,"Nou Barris",0-4,5.2937
2017,"Nou Barris",10-14,3.8675
2017,"Nou Barris",15-19,5.9826
2017,"Nou Barris",20-24,12.7870
2017,"Nou Barris",25-29,16.2437
2017,"Nou Barris",30-34,13.1617
2017,"Nou Barris",35-39,10.2006
2017,"Nou Barris",40-44,7.7955
2017,"Nou Barris",45-49,6.0914
2017,"Nou Barris",5-9,4.0609
2017,"Nou Barris",50-54,4.6773
2017,"Nou Barris",55-59,3.1665
2017,"Nou Barris",60-64,2.2480
2017,"Nou Barris",65-69,1.5954
2017,"Nou Barris",70-74,0.9306
2017,"Nou Barris",75-79,0.6406
2017,"Nou Barris",80-84,0.6164
2017,"Nou Barris",85-89,0.4230
2017,"Nou Barris",90-94,0.1692
2017,"Nou Barris",95-99,0.0483
2017,"Sant Andreu",>=100,0.0000
2017,"Sant Andreu",0-4,4.0095
2017,"Sant Andreu",10-14,3.3465
2017,"Sant Andreu",15-19,4.8777
2017,"Sant Andreu",20-24,11.5233
2017,"Sant Andreu",25-29,17.8532
2017,"Sant Andreu",30-34,14.6961
2017,"Sant Andreu",35-39,10.9866
2017,"Sant Andreu",40-44,8.6188
2017,"Sant Andreu",45-49,5.3670
2017,"Sant Andreu",5-9,3.3781
2017,"Sant Andreu",50-54,4.3094
2017,"Sant Andreu",55-59,3.1886
2017,"Sant Andreu",60-64,2.5257
2017,"Sant Andreu",65-69,1.8311
2017,"Sant Andreu",70-74,1.3733
2017,"Sant Andreu",75-79,0.7735
2017,"Sant Andreu",80-84,0.5998
2017,"Sant Andreu",85-89,0.4104
2017,"Sant Andreu",90-94,0.2526
2017,"Sant Andreu",95-99,0.0789
2017,"Sant Martí",>=100,0.0000
2017,"Sant Martí",0-4,5.0087
2017,"Sant Martí",10-14,2.8595
2017,"Sant Martí",15-19,3.9887
2017,"Sant Martí",20-24,11.5654
2017,"Sant Martí",25-29,20.0710
2017,"Sant Martí",30-34,16.2189
2017,"Sant Martí",35-39,11.1465
2017,"Sant Martí",40-44,8.0229
2017,"Sant Martí",45-49,5.0178
2017,"Sant Martí",5-9,2.8231
2017,"Sant Martí",50-54,3.8612
2017,"Sant Martí",55-59,2.6045
2017,"Sant Martí",60-64,2.4042
2017,"Sant Martí",65-69,1.7029
2017,"Sant Martí",70-74,1.0382
2017,"Sant Martí",75-79,0.5646
2017,"Sant Martí",80-84,0.5464
2017,"Sant Martí",85-89,0.3552
2017,"Sant Martí",90-94,0.1730
2017,"Sant Martí",95-99,0.0273
2017,Sants-Montjuïc,>=100,0.0171
2017,Sants-Montjuïc,0-4,3.2954
2017,Sants-Montjuïc,10-14,2.5678
2017,Sants-Montjuïc,15-19,5.2041
2017,Sants-Montjuïc,20-24,13.6609
2017,Sants-Montjuïc,25-29,22.4257
2017,Sants-Montjuïc,30-34,16.4427
2017,Sants-Montjuïc,35-39,10.7935
2017,Sants-Montjuïc,40-44,6.9075
2017,Sants-Montjuïc,45-49,4.5451
2017,Sants-Montjuïc,5-9,2.5593
2017,Sants-Montjuïc,50-54,3.4837
2017,Sants-Montjuïc,55-59,2.4737
2017,Sants-Montjuïc,60-64,1.9088
2017,Sants-Montjuïc,65-69,1.2411
2017,Sants-Montjuïc,70-74,0.7190
2017,Sants-Montjuïc,75-79,0.5992
2017,Sants-Montjuïc,80-84,0.5735
2017,Sants-Montjuïc,85-89,0.3424
2017,Sants-Montjuïc,90-94,0.1969
2017,Sants-Montjuïc,95-99,0.0428
2017,"Sarrià-Sant Gervasi",>=100,0.0000
2017,"Sarrià-Sant Gervasi",0-4,6.1506
2017,"Sarrià-Sant Gervasi",10-14,4.8438
2017,"Sarrià-Sant Gervasi",15-19,5.4972
2017,"Sarrià-Sant Gervasi",20-24,9.7869
2017,"Sarrià-Sant Gervasi",25-29,15.8665
2017,"Sarrià-Sant Gervasi",30-34,12.9688
2017,"Sarrià-Sant Gervasi",35-39,9.5455
2017,"Sarrià-Sant Gervasi",40-44,8.4375
2017,"Sarrià-Sant Gervasi",45-49,6.3920
2017,"Sarrià-Sant Gervasi",5-9,4.0483
2017,"Sarrià-Sant Gervasi",50-54,4.7159
2017,"Sarrià-Sant Gervasi",55-59,3.1392
2017,"Sarrià-Sant Gervasi",60-64,2.2585
2017,"Sarrià-Sant Gervasi",65-69,1.6903
2017,"Sarrià-Sant Gervasi",70-74,1.4773
2017,"Sarrià-Sant Gervasi",75-79,1.0938
2017,"Sarrià-Sant Gervasi",80-84,0.9233
2017,"Sarrià-Sant Gervasi",85-89,0.6818
2017,"Sarrià-Sant Gervasi",90-94,0.3977
2017,"Sarrià-Sant Gervasi",95-99,0.0852
2016,"Ciutat Vella",>=100,0.0000
2016,"Ciutat Vella",0-4,3.5198
2016,"Ciutat Vella",10-14,2.0523
2016,"Ciutat Vella",15-19,4.3224
2016,"Ciutat Vella",20-24,16.3036
2016,"Ciutat Vella",25-29,26.2784
2016,"Ciutat Vella",30-34,17.3699
2016,"Ciutat Vella",35-39,9.8831
2016,"Ciutat Vella",40-44,6.0766
2016,"Ciutat Vella",45-49,3.7606
2016,"Ciutat Vella",5-9,2.3160
2016,"Ciutat Vella",50-54,2.5224
2016,"Ciutat Vella",55-59,1.9032
2016,"Ciutat Vella",60-64,1.6625
2016,"Ciutat Vella",65-69,0.9860
2016,"Ciutat Vella",70-74,0.5847
2016,"Ciutat Vella",75-79,0.1949
2016,"Ciutat Vella",80-84,0.1490
2016,"Ciutat Vella",85-89,0.0573
2016,"Ciutat Vella",90-94,0.0229
2016,"Ciutat Vella",95-99,0.0344
2016,Eixample,>=100,0.0146
2016,Eixample,0-4,3.4028
2016,Eixample,10-14,2.2442
2016,Eixample,15-19,3.7307
2016,Eixample,20-24,14.7260
2016,Eixample,25-29,24.6575
2016,Eixample,30-34,16.4894
2016,Eixample,35-39,10.3468
2016,Eixample,40-44,6.3247
2016,Eixample,45-49,4.0149
2016,Eixample,5-9,2.1568
2016,Eixample,50-54,3.3882
2016,Eixample,55-59,2.4337
2016,Eixample,60-64,1.7706
2016,Eixample,65-69,1.4282
2016,Eixample,70-74,0.9837
2016,Eixample,75-79,0.5902
2016,Eixample,80-84,0.5173
2016,Eixample,85-89,0.5101
2016,Eixample,90-94,0.2259
2016,Eixample,95-99,0.0437
2016,Gràcia,>=100,0.0000
2016,Gràcia,0-4,3.1872
2016,Gràcia,10-14,2.1604
2016,Gràcia,15-19,4.4706
2016,Gràcia,20-24,12.5775
2016,Gràcia,25-29,24.3422
2016,Gràcia,30-34,18.6952
2016,Gràcia,35-39,10.6524
2016,Gràcia,40-44,5.9679
2016,Gràcia,45-49,3.8289
2016,Gràcia,5-9,2.2888
2016,Gràcia,50-54,2.9733
2016,Gràcia,55-59,2.6524
2016,Gràcia,60-64,1.6898
2016,Gràcia,65-69,1.4118
2016,Gràcia,70-74,1.0053
2016,Gràcia,75-79,0.7273
2016,Gràcia,80-84,0.8128
2016,Gràcia,85-89,0.3209
2016,Gràcia,90-94,0.1925
2016,Gràcia,95-99,0.0428
2016,Horta-Guinardó,>=100,0.0000
2016,Horta-Guinardó,0-4,4.7237
2016,Horta-Guinardó,10-14,3.2680
2016,Horta-Guinardó,15-19,5.1693
2016,Horta-Guinardó,20-24,11.1705
2016,Horta-Guinardó,25-29,20.0980
2016,Horta-Guinardó,30-34,14.7653
2016,Horta-Guinardó,35-39,10.7992
2016,Horta-Guinardó,40-44,7.2935
2016,Horta-Guinardó,45-49,5.0357
2016,Horta-Guinardó,5-9,3.5056
2016,Horta-Guinardó,50-54,3.7582
2016,Horta-Guinardó,55-59,2.7035
2016,Horta-Guinardó,60-64,2.0351
2016,Horta-Guinardó,65-69,1.4854
2016,Horta-Guinardó,70-74,1.1884
2016,Horta-Guinardó,75-79,0.9952
2016,Horta-Guinardó,80-84,0.8616
2016,Horta-Guinardó,85-89,0.6982
2016,Horta-Guinardó,90-94,0.3565
2016,Horta-Guinardó,95-99,0.0891
2016,"Les Corts",>=100,0.0251
2016,"Les Corts",0-4,5.9619
2016,"Les Corts",10-14,4.0331
2016,"Les Corts",15-19,4.7846
2016,"Les Corts",20-24,9.7946
2016,"Les Corts",25-29,18.3617
2016,"Les Corts",30-34,15.0802
2016,"Les Corts",35-39,11.1974
2016,"Les Corts",40-44,7.3647
2016,"Les Corts",45-49,5.2355
2016,"Les Corts",5-9,4.0080
2016,"Les Corts",50-54,3.5070
2016,"Les Corts",55-59,2.9058
2016,"Les Corts",60-64,2.2044
2016,"Les Corts",65-69,1.8537
2016,"Les Corts",70-74,1.0271
2016,"Les Corts",75-79,0.7766
2016,"Les Corts",80-84,0.9519
2016,"Les Corts",85-89,0.6513
2016,"Les Corts",90-94,0.2255
2016,"Les Corts",95-99,0.0501
2016,"No consta",>=100,0.0000
2016,"No consta",0-4,0.0000
2016,"No consta",10-14,22.2222
2016,"No consta",15-19,0.0000
2016,"No consta",20-24,0.0000
2016,"No consta",25-29,0.0000
2016,"No consta",30-34,0.0000
2016,"No consta",35-39,11.1111
2016,"No consta",40-44,0.0000
2016,"No consta",45-49,33.3333
2016,"No consta",5-9,11.1111
2016,"No consta",50-54,0.0000
2016,"No consta",55-59,0.0000
2016,"No consta",60-64,22.2222
2016,"No consta",65-69,0.0000
2016,"No consta",70-74,0.0000
2016,"No consta",75-79,0.0000
2016,"No consta",80-84,0.0000
2016,"No consta",85-89,0.0000
2016,"No consta",90-94,0.0000
2016,"No consta",95-99,0.0000
2016,"Nou Barris",>=100,0.0000
2016,"Nou Barris",0-4,5.6483
2016,"Nou Barris",10-14,4.8553
2016,"Nou Barris",15-19,6.6082
2016,"Nou Barris",20-24,11.7696
2016,"Nou Barris",25-29,15.1920
2016,"Nou Barris",30-34,13.0634
2016,"Nou Barris",35-39,11.1714
2016,"Nou Barris",40-44,7.8325
2016,"Nou Barris",45-49,5.3840
2016,"Nou Barris",5-9,4.3127
2016,"Nou Barris",50-54,4.2014
2016,"Nou Barris",55-59,3.2137
2016,"Nou Barris",60-64,1.9060
2016,"Nou Barris",65-69,1.6555
2016,"Nou Barris",70-74,1.0712
2016,"Nou Barris",75-79,0.9043
2016,"Nou Barris",80-84,0.5008
2016,"Nou Barris",85-89,0.4174
2016,"Nou Barris",90-94,0.2087
2016,"Nou Barris",95-99,0.0835
2016,"Sant Andreu",>=100,0.0182
2016,"Sant Andreu",0-4,5.8129
2016,"Sant Andreu",10-14,3.6149
2016,"Sant Andreu",15-19,4.9591
2016,"Sant Andreu",20-24,11.2988
2016,"Sant Andreu",25-29,16.2216
2016,"Sant Andreu",30-34,14.3506
2016,"Sant Andreu",35-39,11.2262
2016,"Sant Andreu",40-44,7.8656
2016,"Sant Andreu",45-49,5.8311
2016,"Sant Andreu",5-9,3.5059
2016,"Sant Andreu",50-54,4.2325
2016,"Sant Andreu",55-59,3.2516
2016,"Sant Andreu",60-64,2.1617
2016,"Sant Andreu",65-69,2.0163
2016,"Sant Andreu",70-74,1.0718
2016,"Sant Andreu",75-79,1.1444
2016,"Sant Andreu",80-84,0.8174
2016,"Sant Andreu",85-89,0.3451
2016,"Sant Andreu",90-94,0.1998
2016,"Sant Andreu",95-99,0.0545
2016,"Sant Martí",>=100,0.0105
2016,"Sant Martí",0-4,4.4583
2016,"Sant Martí",10-14,3.1092
2016,"Sant Martí",15-19,4.9009
2016,"Sant Martí",20-24,11.2879
2016,"Sant Martí",25-29,18.0965
2016,"Sant Martí",30-34,16.2732
2016,"Sant Martí",35-39,11.6674
2016,"Sant Martí",40-44,7.7888
2016,"Sant Martí",45-49,5.4174
2016,"Sant Martí",5-9,3.5835
2016,"Sant Martí",50-54,4.0156
2016,"Sant Martí",55-59,2.7403
2016,"Sant Martí",60-64,2.2239
2016,"Sant Martí",65-69,1.4650
2016,"Sant Martí",70-74,0.9380
2016,"Sant Martí",75-79,0.7799
2016,"Sant Martí",80-84,0.5164
2016,"Sant Martí",85-89,0.4532
2016,"Sant Martí",90-94,0.1897
2016,"Sant Martí",95-99,0.0843
2016,Sants-Montjuïc,>=100,0.0000
2016,Sants-Montjuïc,0-4,4.2190
2016,Sants-Montjuïc,10-14,3.1083
2016,Sants-Montjuïc,15-19,5.1350
2016,Sants-Montjuïc,20-24,12.8812
2016,Sants-Montjuïc,25-29,20.0136
2016,Sants-Montjuïc,30-34,16.0382
2016,Sants-Montjuïc,35-39,11.5756
2016,Sants-Montjuïc,40-44,7.2591
2016,Sants-Montjuïc,45-49,4.7939
2016,Sants-Montjuïc,5-9,3.0498
2016,Sants-Montjuïc,50-54,3.3811
2016,Sants-Montjuïc,55-59,2.5626
2016,Sants-Montjuïc,60-64,1.7734
2016,Sants-Montjuïc,65-69,1.5200
2016,Sants-Montjuïc,70-74,0.9354
2016,Sants-Montjuïc,75-79,0.6139
2016,Sants-Montjuïc,80-84,0.4774
2016,Sants-Montjuïc,85-89,0.4482
2016,Sants-Montjuïc,90-94,0.1851
2016,Sants-Montjuïc,95-99,0.0292
2016,"Sarrià-Sant Gervasi",>=100,0.0000
2016,"Sarrià-Sant Gervasi",0-4,6.1349
2016,"Sarrià-Sant Gervasi",10-14,5.6822
2016,"Sarrià-Sant Gervasi",15-19,6.2441
2016,"Sarrià-Sant Gervasi",20-24,10.0375
2016,"Sarrià-Sant Gervasi",25-29,14.6581
2016,"Sarrià-Sant Gervasi",30-34,13.0347
2016,"Sarrià-Sant Gervasi",35-39,9.9750
2016,"Sarrià-Sant Gervasi",40-44,8.4296
2016,"Sarrià-Sant Gervasi",45-49,5.7446
2016,"Sarrià-Sant Gervasi",5-9,4.8392
2016,"Sarrià-Sant Gervasi",50-54,4.6363
2016,"Sarrià-Sant Gervasi",55-59,2.5913
2016,"Sarrià-Sant Gervasi",60-64,2.0450
2016,"Sarrià-Sant Gervasi",65-69,1.8264
2016,"Sarrià-Sant Gervasi",70-74,1.1083
2016,"Sarrià-Sant Gervasi",75-79,0.9991
2016,"Sarrià-Sant Gervasi",80-84,0.8273
2016,"Sarrià-Sant Gervasi",85-89,0.6869
2016,"Sarrià-Sant Gervasi",90-94,0.4215
2016,"Sarrià-Sant Gervasi",95-99,0.0781
2015,"Ciutat Vella",>=100,0.0110
2015,"Ciutat Vella",0-4,2.7494
2015,"Ciutat Vella",10-14,1.5396
2015,"Ciutat Vella",15-19,3.8821
2015,"Ciutat Vella",20-24,15.4954
2015,"Ciutat Vella",25-29,24.5903
2015,"Ciutat Vella",30-34,18.0908
2015,"Ciutat Vella",35-39,10.7775
2015,"Ciutat Vella",40-44,7.2363
2015,"Ciutat Vella",45-49,4.8609
2015,"Ciutat Vella",5-9,2.1885
2015,"Ciutat Vella",50-54,2.8593
2015,"Ciutat Vella",55-59,2.0565
2015,"Ciutat Vella",60-64,1.3857
2015,"Ciutat Vella",65-69,0.9458
2015,"Ciutat Vella",70-74,0.5829
2015,"Ciutat Vella",75-79,0.3409
2015,"Ciutat Vella",80-84,0.2309
2015,"Ciutat Vella",85-89,0.1210
2015,"Ciutat Vella",90-94,0.0440
2015,"Ciutat Vella",95-99,0.0110
2015,Eixample,>=100,0.0071
2015,Eixample,0-4,3.2098
2015,Eixample,10-14,2.2085
2015,Eixample,15-19,3.1388
2015,Eixample,20-24,12.7823
2015,Eixample,25-29,23.5336
2015,Eixample,30-34,17.2845
2015,Eixample,35-39,11.2626
2015,Eixample,40-44,6.9308
2015,Eixample,45-49,4.4454
2015,Eixample,5-9,2.2511
2015,Eixample,50-54,3.6003
2015,Eixample,55-59,2.6985
2015,Eixample,60-64,1.8818
2015,Eixample,65-69,1.7469
2015,Eixample,70-74,0.9942
2015,Eixample,75-79,0.6178
2015,Eixample,80-84,0.6462
2015,Eixample,85-89,0.4616
2015,Eixample,90-94,0.2343
2015,Eixample,95-99,0.0639
2015,Gràcia,>=100,0.0393
2015,Gràcia,0-4,3.1428
2015,Gràcia,10-14,2.0232
2015,Gràcia,15-19,3.4178
2015,Gràcia,20-24,12.0409
2015,Gràcia,25-29,23.0014
2015,Gràcia,30-34,19.4264
2015,Gràcia,35-39,11.5498
2015,Gràcia,40-44,6.7570
2015,Gràcia,45-49,4.3410
2015,Gràcia,5-9,2.3375
2015,Gràcia,50-54,3.0446
2015,Gràcia,55-59,2.4553
2015,Gràcia,60-64,1.8660
2015,Gràcia,65-69,1.8071
2015,Gràcia,70-74,0.8839
2015,Gràcia,75-79,0.4125
2015,Gràcia,80-84,0.4321
2015,Gràcia,85-89,0.6089
2015,Gràcia,90-94,0.3143
2015,Gràcia,95-99,0.0982
2015,Horta-Guinardó,>=100,0.0000
2015,Horta-Guinardó,0-4,4.1310
2015,Horta-Guinardó,10-14,3.2163
2015,Horta-Guinardó,15-19,4.3376
2015,Horta-Guinardó,20-24,10.5341
2015,Horta-Guinardó,25-29,17.4535
2015,Horta-Guinardó,30-34,15.7716
2015,Horta-Guinardó,35-39,11.2718
2015,Horta-Guinardó,40-44,7.6424
2015,Horta-Guinardó,45-49,5.8129
2015,Horta-Guinardó,5-9,3.1278
2015,Horta-Guinardó,50-54,4.5146
2015,Horta-Guinardó,55-59,3.5851
2015,Horta-Guinardó,60-64,2.4491
2015,Horta-Guinardó,65-69,1.6524
2015,Horta-Guinardó,70-74,1.2246
2015,Horta-Guinardó,75-79,0.9885
2015,Horta-Guinardó,80-84,0.8262
2015,Horta-Guinardó,85-89,0.9147
2015,Horta-Guinardó,90-94,0.4574
2015,Horta-Guinardó,95-99,0.0885
2015,"Les Corts",>=100,0.0238
2015,"Les Corts",0-4,5.9481
2015,"Les Corts",10-14,3.6165
2015,"Les Corts",15-19,4.4968
2015,"Les Corts",20-24,8.8032
2015,"Les Corts",25-29,17.5589
2015,"Les Corts",30-34,14.7038
2015,"Les Corts",35-39,11.3490
2015,"Les Corts",40-44,8.3512
2015,"Les Corts",45-49,5.2581
2015,"Les Corts",5-9,3.7592
2015,"Les Corts",50-54,4.6158
2015,"Les Corts",55-59,2.7837
2015,"Les Corts",60-64,2.0224
2015,"Les Corts",65-69,2.2127
2015,"Les Corts",70-74,1.6179
2015,"Les Corts",75-79,0.9041
2015,"Les Corts",80-84,0.9041
2015,"Les Corts",85-89,0.7138
2015,"Les Corts",90-94,0.2617
2015,"Les Corts",95-99,0.0952
2015,"No consta",>=100,0.0000
2015,"No consta",0-4,16.6667
2015,"No consta",10-14,0.0000
2015,"No consta",15-19,0.0000
2015,"No consta",20-24,33.3333
2015,"No consta",25-29,0.0000
2015,"No consta",30-34,16.6667
2015,"No consta",35-39,16.6667
2015,"No consta",40-44,16.6667
2015,"No consta",45-49,0.0000
2015,"No consta",5-9,0.0000
2015,"No consta",50-54,0.0000
2015,"No consta",55-59,0.0000
2015,"No consta",60-64,0.0000
2015,"No consta",65-69,0.0000
2015,"No consta",70-74,0.0000
2015,"No consta",75-79,0.0000
2015,"No consta",80-84,0.0000
2015,"No consta",85-89,0.0000
2015,"No consta",90-94,0.0000
2015,"No consta",95-99,0.0000
2015,"Nou Barris",>=100,0.0000
2015,"Nou Barris",0-4,4.6210
2015,"Nou Barris",10-14,3.9870
2015,"Nou Barris",15-19,5.2127
2015,"Nou Barris",20-24,11.2003
2015,"Nou Barris",25-29,15.1310
2015,"Nou Barris",30-34,13.0037
2015,"Nou Barris",35-39,12.0175
2015,"Nou Barris",40-44,9.0589
2015,"Nou Barris",45-49,6.2835
2015,"Nou Barris",5-9,3.9870
2015,"Nou Barris",50-54,4.6492
2015,"Nou Barris",55-59,3.5080
2015,"Nou Barris",60-64,2.2964
2015,"Nou Barris",65-69,1.3525
2015,"Nou Barris",70-74,1.0144
2015,"Nou Barris",75-79,0.8171
2015,"Nou Barris",80-84,0.7608
2015,"Nou Barris",85-89,0.7185
2015,"Nou Barris",90-94,0.3381
2015,"Nou Barris",95-99,0.0423
2015,"Sant Andreu",>=100,0.0170
2015,"Sant Andreu",0-4,5.0775
2015,"Sant Andreu",10-14,3.1181
2015,"Sant Andreu",15-19,4.3278
2015,"Sant Andreu",20-24,9.9506
2015,"Sant Andreu",25-29,15.8971
2015,"Sant Andreu",30-34,14.6192
2015,"Sant Andreu",35-39,12.0975
2015,"Sant Andreu",40-44,8.9623
2015,"Sant Andreu",45-49,6.2191
2015,"Sant Andreu",5-9,3.9530
2015,"Sant Andreu",50-54,4.4812
2015,"Sant Andreu",55-59,3.0670
2015,"Sant Andreu",60-64,2.5047
2015,"Sant Andreu",65-69,1.6016
2015,"Sant Andreu",70-74,1.2609
2015,"Sant Andreu",75-79,0.8860
2015,"Sant Andreu",80-84,0.9712
2015,"Sant Andreu",85-89,0.6815
2015,"Sant Andreu",90-94,0.2385
2015,"Sant Andreu",95-99,0.0682
2015,"Sant Martí",>=100,0.0000
2015,"Sant Martí",0-4,4.9710
2015,"Sant Martí",10-14,3.4328
2015,"Sant Martí",15-19,3.9727
2015,"Sant Martí",20-24,9.1474
2015,"Sant Martí",25-29,17.1743
2015,"Sant Martí",30-34,16.0945
2015,"Sant Martí",35-39,12.5191
2015,"Sant Martí",40-44,8.8418
2015,"Sant Martí",45-49,5.8674
2015,"Sant Martí",5-9,3.4532
2015,"Sant Martí",50-54,4.0848
2015,"Sant Martí",55-59,3.1476
2015,"Sant Martí",60-64,2.2919
2015,"Sant Martí",65-69,1.8641
2015,"Sant Martí",70-74,1.1714
2015,"Sant Martí",75-79,0.5603
2015,"Sant Martí",80-84,0.7436
2015,"Sant Martí",85-89,0.4482
2015,"Sant Martí",90-94,0.1630
2015,"Sant Martí",95-99,0.0509
2015,Sants-Montjuïc,>=100,0.0358
2015,Sants-Montjuïc,0-4,3.4350
2015,Sants-Montjuïc,10-14,3.2919
2015,Sants-Montjuïc,15-19,4.3385
2015,Sants-Montjuïc,20-24,11.0743
2015,Sants-Montjuïc,25-29,20.1449
2015,Sants-Montjuïc,30-34,17.1482
2015,Sants-Montjuïc,35-39,12.4251
2015,Sants-Montjuïc,40-44,7.2905
2015,Sants-Montjuïc,45-49,5.2867
2015,Sants-Montjuïc,5-9,2.9162
2015,Sants-Montjuïc,50-54,3.7213
2015,Sants-Montjuïc,55-59,2.4779
2015,Sants-Montjuïc,60-64,2.0753
2015,Sants-Montjuïc,65-69,1.3507
2015,Sants-Montjuïc,70-74,0.8677
2015,Sants-Montjuïc,75-79,0.6709
2015,Sants-Montjuïc,80-84,0.5099
2015,Sants-Montjuïc,85-89,0.5457
2015,Sants-Montjuïc,90-94,0.3399
2015,Sants-Montjuïc,95-99,0.0537
2015,"Sarrià-Sant Gervasi",>=100,0.0000
2015,"Sarrià-Sant Gervasi",0-4,5.3655
2015,"Sarrià-Sant Gervasi",10-14,4.7222
2015,"Sarrià-Sant Gervasi",15-19,5.7310
2015,"Sarrià-Sant Gervasi",20-24,9.8246
2015,"Sarrià-Sant Gervasi",25-29,14.0936
2015,"Sarrià-Sant Gervasi",30-34,13.4357
2015,"Sarrià-Sant Gervasi",35-39,10.1023
2015,"Sarrià-Sant Gervasi",40-44,8.2749
2015,"Sarrià-Sant Gervasi",45-49,6.8713
2015,"Sarrià-Sant Gervasi",5-9,4.6491
2015,"Sarrià-Sant Gervasi",50-54,4.9708
2015,"Sarrià-Sant Gervasi",55-59,3.2310
2015,"Sarrià-Sant Gervasi",60-64,2.4415
2015,"Sarrià-Sant Gervasi",65-69,1.7982
2015,"Sarrià-Sant Gervasi",70-74,1.4474
2015,"Sarrià-Sant Gervasi",75-79,1.0234
2015,"Sarrià-Sant Gervasi",80-84,0.8333
2015,"Sarrià-Sant Gervasi",85-89,0.6871
2015,"Sarrià-Sant Gervasi",90-94,0.3801
2015,"Sarrià-Sant Gervasi",95-99,0.1170
